patreon_url,dest_name,error
https://www.patreon.com/davechensky/overview,datadump/patreon/overviews/d/davechensky.html,302
https://www.patreon.com/Cabria/overview,datadump/patreon/overviews/c/Cabria.html,404
https://www.patreon.com/yellowlaw/overview,datadump/patreon/overviews/y/yellowlaw.html,302
https://www.patreon.com/lvlv/overview,datadump/patreon/overviews/l/lvlv.html,302
https://www.patreon.com/pbsinfiniteseries/overview,datadump/patreon/overviews/p/pbsinfiniteseries.html,302
https://www.patreon.com/enriquefernandez/overview,datadump/patreon/overviews/e/enriquefernandez.html,302
https://www.patreon.com/DigginBritt/overview,datadump/patreon/overviews/d/DigginBritt.html,302
https://www.patreon.com/BlackwaterComic/overview,datadump/patreon/overviews/b/BlackwaterComic.html,302
https://www.patreon.com/hypable/overview,datadump/patreon/overviews/h/hypable.html,302
https://www.patreon.com/volpinprops/overview,datadump/patreon/overviews/v/volpinprops.html,302
https://www.patreon.com/korebasfarim/overview,datadump/patreon/overviews/k/korebasfarim.html,302
https://www.patreon.com/mbirdcz/overview,datadump/patreon/overviews/m/mbirdcz.html,302
https://www.patreon.com/friendlycosmonaut/overview,datadump/patreon/overviews/f/friendlycosmonaut.html,302
https://www.patreon.com/wiloh95/overview,datadump/patreon/overviews/w/wiloh95.html,302
https://www.patreon.com/AnnePecaro/overview,datadump/patreon/overviews/a/AnnePecaro.html,302
https://www.patreon.com/lontarjournal/overview,datadump/patreon/overviews/l/lontarjournal.html,302
https://www.patreon.com/triangletactical/overview,datadump/patreon/overviews/t/triangletactical.html,302
https://www.patreon.com/drummerdancer/overview,datadump/patreon/overviews/d/drummerdancer.html,302
https://www.patreon.com/factfiend/overview,datadump/patreon/overviews/f/factfiend.html,302
https://www.patreon.com/Maizken/overview,datadump/patreon/overviews/m/Maizken.html,302
https://www.patreon.com/interrobangcast/overview,datadump/patreon/overviews/i/interrobangcast.html,302
https://www.patreon.com/skald/overview,datadump/patreon/overviews/s/skald.html,302
https://www.patreon.com/miaw/overview,datadump/patreon/overviews/m/miaw.html,302
https://www.patreon.com/konnektor_org/overview,datadump/patreon/overviews/k/konnektor_org.html,302
https://www.patreon.com/Raven_elf/overview,datadump/patreon/overviews/r/Raven_elf.html,302
https://www.patreon.com/bbydollb/overview,datadump/patreon/overviews/b/bbydollb.html,404
https://www.patreon.com/FLuuMP/overview,datadump/patreon/overviews/f/FLuuMP.html,302
https://www.patreon.com/namaslay/overview,datadump/patreon/overviews/n/namaslay.html,302
https://www.patreon.com/kiratakenouchi/overview,datadump/patreon/overviews/k/kiratakenouchi.html,404
https://www.patreon.com/MichaelaLaws/overview,datadump/patreon/overviews/m/MichaelaLaws.html,302
https://www.patreon.com/cauldron/overview,datadump/patreon/overviews/c/cauldron.html,302
https://www.patreon.com/KatNapiorkowska/overview,datadump/patreon/overviews/k/KatNapiorkowska.html,302
https://www.patreon.com/StÌ©phaneblanch/overview,datadump/patreon/overviews/s/StÌ©phaneblanch.html,404
https://www.patreon.com/kiddeathxsmut/overview,datadump/patreon/overviews/k/kiddeathxsmut.html,302
https://www.patreon.com/Ayriath/overview,datadump/patreon/overviews/a/Ayriath.html,302
https://www.patreon.com/sewhooked/overview,datadump/patreon/overviews/s/sewhooked.html,302
https://www.patreon.com/AbuzzDesigns/overview,datadump/patreon/overviews/a/AbuzzDesigns.html,302
https://www.patreon.com/Alex_Thompson/overview,datadump/patreon/overviews/a/Alex_Thompson.html,302
https://www.patreon.com/ancientreality/overview,datadump/patreon/overviews/a/ancientreality.html,302
https://www.patreon.com/KurazyTolanzuraytor/overview,datadump/patreon/overviews/k/KurazyTolanzuraytor.html,404
https://www.patreon.com/cuckhumiliation/overview,datadump/patreon/overviews/c/cuckhumiliation.html,302
https://www.patreon.com/tabulayanim/overview,datadump/patreon/overviews/t/tabulayanim.html,302
https://www.patreon.com/newmainenews/overview,datadump/patreon/overviews/n/newmainenews.html,302
https://www.patreon.com/TheBatesee/overview,datadump/patreon/overviews/t/TheBatesee.html,302
https://www.patreon.com/AbiWilks/overview,datadump/patreon/overviews/a/AbiWilks.html,302
https://www.patreon.com/samsheffer/overview,datadump/patreon/overviews/s/samsheffer.html,302
https://www.patreon.com/simonowens/overview,datadump/patreon/overviews/s/simonowens.html,302
https://www.patreon.com/amazinarts/overview,datadump/patreon/overviews/a/amazinarts.html,302
https://www.patreon.com/letspainttv/overview,datadump/patreon/overviews/l/letspainttv.html,302
https://www.patreon.com/SomethingSomethingBirds/overview,datadump/patreon/overviews/s/SomethingSomethingBirds.html,404
https://www.patreon.com/Fatcat17/overview,datadump/patreon/overviews/f/Fatcat17.html,302
https://www.patreon.com/CrazyExcuses/overview,datadump/patreon/overviews/c/CrazyExcuses.html,404
https://www.patreon.com/KaitoFletcher/overview,datadump/patreon/overviews/k/KaitoFletcher.html,302
https://www.patreon.com/anayte/overview,datadump/patreon/overviews/a/anayte.html,302
https://www.patreon.com/MDKOfficial/overview,datadump/patreon/overviews/m/MDKOfficial.html,302
https://www.patreon.com/nosmir/overview,datadump/patreon/overviews/n/nosmir.html,302
https://www.patreon.com/thiccbuns/overview,datadump/patreon/overviews/t/thiccbuns.html,302
https://www.patreon.com/kataraqui/overview,datadump/patreon/overviews/k/kataraqui.html,302
https://www.patreon.com/thebrotherswinn/overview,datadump/patreon/overviews/t/thebrotherswinn.html,302
https://www.patreon.com/camaricreations/overview,datadump/patreon/overviews/c/camaricreations.html,302
https://www.patreon.com/jeffandgeorge/overview,datadump/patreon/overviews/j/jeffandgeorge.html,302
https://www.patreon.com/efka/overview,datadump/patreon/overviews/e/efka.html,404
https://www.patreon.com/fransolo/overview,datadump/patreon/overviews/f/fransolo.html,302
https://www.patreon.com/bookplayer/overview,datadump/patreon/overviews/b/bookplayer.html,302
https://www.patreon.com/zombiegrub/overview,datadump/patreon/overviews/z/zombiegrub.html,302
https://www.patreon.com/chereverie/overview,datadump/patreon/overviews/c/chereverie.html,302
https://www.patreon.com/ForAMouthfulOfBalls/overview,datadump/patreon/overviews/f/ForAMouthfulOfBalls.html,302
https://www.patreon.com/tinylit/overview,datadump/patreon/overviews/t/tinylit.html,302
https://www.patreon.com/thesadgames/overview,datadump/patreon/overviews/t/thesadgames.html,404
https://www.patreon.com/asmrdestiny/overview,datadump/patreon/overviews/a/asmrdestiny.html,302
https://www.patreon.com/gibslythe/overview,datadump/patreon/overviews/g/gibslythe.html,302
https://www.patreon.com/oliviacole/overview,datadump/patreon/overviews/o/oliviacole.html,302
https://www.patreon.com/Tainted_Elysium/overview,datadump/patreon/overviews/t/Tainted_Elysium.html,404
https://www.patreon.com/lovelyzkelly/overview,datadump/patreon/overviews/l/lovelyzkelly.html,302
https://www.patreon.com/artofkace/overview,datadump/patreon/overviews/a/artofkace.html,302
https://www.patreon.com/kekkekekeke/overview,datadump/patreon/overviews/k/kekkekekeke.html,302
https://www.patreon.com/Kerrycosplay/overview,datadump/patreon/overviews/k/Kerrycosplay.html,302
https://www.patreon.com/matthewlaiart/overview,datadump/patreon/overviews/m/matthewlaiart.html,302
https://www.patreon.com/hftf/overview,datadump/patreon/overviews/h/hftf.html,302
https://www.patreon.com/Downbelowthereservoir/overview,datadump/patreon/overviews/d/Downbelowthereservoir.html,302
https://www.patreon.com/STRANGE_Ì ONS/overview,datadump/patreon/overviews/s/STRANGE_Ì ONS.html,404
https://www.patreon.com/fntsmn/overview,datadump/patreon/overviews/f/fntsmn.html,302
https://www.patreon.com/Sararos/overview,datadump/patreon/overviews/s/Sararos.html,302
https://www.patreon.com/twoclusters/overview,datadump/patreon/overviews/t/twoclusters.html,302
https://www.patreon.com/3Principles_Neuroscience_Consciousness/overview,datadump/patreon/overviews/3/3Principles_Neuroscience_Consciousness.html,404
https://www.patreon.com/Igiveyoulemons/overview,datadump/patreon/overviews/i/Igiveyoulemons.html,302
https://www.patreon.com/hype_expert/overview,datadump/patreon/overviews/h/hype_expert.html,302
https://www.patreon.com/saturdaymourningcartoons/overview,datadump/patreon/overviews/s/saturdaymourningcartoons.html,302
https://www.patreon.com/rockingwithrobby/overview,datadump/patreon/overviews/r/rockingwithrobby.html,404
https://www.patreon.com/VoidstoneCreative/overview,datadump/patreon/overviews/v/VoidstoneCreative.html,302
https://www.patreon.com/ashleynicholsart/overview,datadump/patreon/overviews/a/ashleynicholsart.html,302
https://www.patreon.com/livingunshackled/overview,datadump/patreon/overviews/l/livingunshackled.html,404
https://www.patreon.com/OhHeyDJ/overview,datadump/patreon/overviews/o/OhHeyDJ.html,302
https://www.patreon.com/tkutv/overview,datadump/patreon/overviews/t/tkutv.html,302
https://www.patreon.com/artistarose/overview,datadump/patreon/overviews/a/artistarose.html,404
https://www.patreon.com/bumblebirb/overview,datadump/patreon/overviews/b/bumblebirb.html,404
https://www.patreon.com/FatDraolf/overview,datadump/patreon/overviews/f/FatDraolf.html,302
https://www.patreon.com/TipsterGaming/overview,datadump/patreon/overviews/t/TipsterGaming.html,302
https://www.patreon.com/luxlingopodcast/overview,datadump/patreon/overviews/l/luxlingopodcast.html,302
https://www.patreon.com/itasan2_ShowSimInfo/overview,datadump/patreon/overviews/i/itasan2_ShowSimInfo.html,302
https://www.patreon.com/starmike/overview,datadump/patreon/overviews/s/starmike.html,302
https://www.patreon.com/MatthewNeidig/overview,datadump/patreon/overviews/m/MatthewNeidig.html,404
https://www.patreon.com/hellstarplus/overview,datadump/patreon/overviews/h/hellstarplus.html,302
https://www.patreon.com/zediforder/overview,datadump/patreon/overviews/z/zediforder.html,302
https://www.patreon.com/HiMyNameIsEdson/overview,datadump/patreon/overviews/h/HiMyNameIsEdson.html,302
https://www.patreon.com/thehopelessromantic/overview,datadump/patreon/overviews/t/thehopelessromantic.html,404
https://www.patreon.com/lostshade/overview,datadump/patreon/overviews/l/lostshade.html,302
https://www.patreon.com/OverEnglishMan/overview,datadump/patreon/overviews/o/OverEnglishMan.html,302
https://www.patreon.com/lerinalta/overview,datadump/patreon/overviews/l/lerinalta.html,302
https://www.patreon.com/katsudeku/overview,datadump/patreon/overviews/k/katsudeku.html,302
https://www.patreon.com/bellabullets13/overview,datadump/patreon/overviews/b/bellabullets13.html,302
https://www.patreon.com/gladzy/overview,datadump/patreon/overviews/g/gladzy.html,302
https://www.patreon.com/courtneygodbey/overview,datadump/patreon/overviews/c/courtneygodbey.html,302
https://www.patreon.com/kevinlucia/overview,datadump/patreon/overviews/k/kevinlucia.html,302
https://www.patreon.com/hannasedai/overview,datadump/patreon/overviews/h/hannasedai.html,404
https://www.patreon.com/dahaekai/overview,datadump/patreon/overviews/d/dahaekai.html,302
https://www.patreon.com/noncompliantspace/overview,datadump/patreon/overviews/n/noncompliantspace.html,302
https://www.patreon.com/Fateandfables/overview,datadump/patreon/overviews/f/Fateandfables.html,302
https://www.patreon.com/kumogakureschool/overview,datadump/patreon/overviews/k/kumogakureschool.html,404
https://www.patreon.com/GassySparkle/overview,datadump/patreon/overviews/g/GassySparkle.html,404
https://www.patreon.com/mxdvsa/overview,datadump/patreon/overviews/m/mxdvsa.html,302
https://www.patreon.com/megamicupcake/overview,datadump/patreon/overviews/m/megamicupcake.html,302
https://www.patreon.com/bunnylafee/overview,datadump/patreon/overviews/b/bunnylafee.html,302
https://www.patreon.com/splendidcomics/overview,datadump/patreon/overviews/s/splendidcomics.html,302
https://www.patreon.com/adleystump/overview,datadump/patreon/overviews/a/adleystump.html,404
https://www.patreon.com/jennymilchman/overview,datadump/patreon/overviews/j/jennymilchman.html,302
https://www.patreon.com/12b3/overview,datadump/patreon/overviews/1/12b3.html,302
https://www.patreon.com/scootsaboot/overview,datadump/patreon/overviews/s/scootsaboot.html,302
https://www.patreon.com/distantskies/overview,datadump/patreon/overviews/d/distantskies.html,302
https://www.patreon.com/laurenpoor/overview,datadump/patreon/overviews/l/laurenpoor.html,302
https://www.patreon.com/heidi2524/overview,datadump/patreon/overviews/h/heidi2524.html,302
https://www.patreon.com/travismcbee/overview,datadump/patreon/overviews/t/travismcbee.html,302
https://www.patreon.com/LeoMendozaOfficial/overview,datadump/patreon/overviews/l/LeoMendozaOfficial.html,302
https://www.patreon.com/storiesofanunschoolingfamily/overview,datadump/patreon/overviews/s/storiesofanunschoolingfamily.html,302
https://www.patreon.com/TGxKing/overview,datadump/patreon/overviews/t/TGxKing.html,404
https://www.patreon.com/francinecaroline/overview,datadump/patreon/overviews/f/francinecaroline.html,404
https://www.patreon.com/TheChocoFox/overview,datadump/patreon/overviews/t/TheChocoFox.html,302
https://www.patreon.com/coytechlabs/overview,datadump/patreon/overviews/c/coytechlabs.html,302
https://www.patreon.com/audioexcite/overview,datadump/patreon/overviews/a/audioexcite.html,301
https://www.patreon.com/elitecosplay/overview,datadump/patreon/overviews/e/elitecosplay.html,302
https://www.patreon.com/casual_lumi/overview,datadump/patreon/overviews/c/casual_lumi.html,302
https://www.patreon.com/HAC_Senate/overview,datadump/patreon/overviews/h/HAC_Senate.html,302
https://www.patreon.com/BrigusABDL/overview,datadump/patreon/overviews/b/BrigusABDL.html,302
https://www.patreon.com/endstone/overview,datadump/patreon/overviews/e/endstone.html,302
https://www.patreon.com/Emenius/overview,datadump/patreon/overviews/e/Emenius.html,302
https://www.patreon.com/Czecher/overview,datadump/patreon/overviews/c/Czecher.html,302
https://www.patreon.com/kwikspot/overview,datadump/patreon/overviews/k/kwikspot.html,302
https://www.patreon.com/cn_lucy/overview,datadump/patreon/overviews/c/cn_lucy.html,302
https://www.patreon.com/daxsha/overview,datadump/patreon/overviews/d/daxsha.html,302
https://www.patreon.com/morgen/overview,datadump/patreon/overviews/m/morgen.html,302
https://www.patreon.com/LACBP/overview,datadump/patreon/overviews/l/LACBP.html,404
https://www.patreon.com/jeongmihyo/overview,datadump/patreon/overviews/j/jeongmihyo.html,302
https://www.patreon.com/geckozen/overview,datadump/patreon/overviews/g/geckozen.html,302
https://www.patreon.com/ynorbara/overview,datadump/patreon/overviews/y/ynorbara.html,302
https://www.patreon.com/BodyRebootedFitness/overview,datadump/patreon/overviews/b/BodyRebootedFitness.html,404
https://www.patreon.com/ALOSart/overview,datadump/patreon/overviews/a/ALOSart.html,302
https://www.patreon.com/BeemansRepublic/overview,datadump/patreon/overviews/b/BeemansRepublic.html,302
https://www.patreon.com/livingevergreen/overview,datadump/patreon/overviews/l/livingevergreen.html,404
https://www.patreon.com/runawayballista/overview,datadump/patreon/overviews/r/runawayballista.html,302
https://www.patreon.com/MinyandFriends/overview,datadump/patreon/overviews/m/MinyandFriends.html,302
https://www.patreon.com/wickedserum/overview,datadump/patreon/overviews/w/wickedserum.html,302
https://www.patreon.com/gahhmodels/overview,datadump/patreon/overviews/g/gahhmodels.html,302
https://www.patreon.com/Victoriamh/overview,datadump/patreon/overviews/v/Victoriamh.html,302
https://www.patreon.com/XodiaLunaVA/overview,datadump/patreon/overviews/x/XodiaLunaVA.html,302
https://www.patreon.com/shinepaw/overview,datadump/patreon/overviews/s/shinepaw.html,302
https://www.patreon.com/warpwhistlegaming/overview,datadump/patreon/overviews/w/warpwhistlegaming.html,302
https://www.patreon.com/mdaines/overview,datadump/patreon/overviews/m/mdaines.html,302
https://www.patreon.com/emmajupitercosplay/overview,datadump/patreon/overviews/e/emmajupitercosplay.html,302
https://www.patreon.com/jakobappel/overview,datadump/patreon/overviews/j/jakobappel.html,302
https://www.patreon.com/ignotacomic/overview,datadump/patreon/overviews/i/ignotacomic.html,302
https://www.patreon.com/Monzana21/overview,datadump/patreon/overviews/m/Monzana21.html,404
https://www.patreon.com/godri/overview,datadump/patreon/overviews/g/godri.html,404
https://www.patreon.com/Sly/overview,datadump/patreon/overviews/s/Sly.html,302
https://www.patreon.com/PapersPencilsBaskets/overview,datadump/patreon/overviews/p/PapersPencilsBaskets.html,302
https://www.patreon.com/SightseeingSally/overview,datadump/patreon/overviews/s/SightseeingSally.html,302
https://www.patreon.com/playmaker/overview,datadump/patreon/overviews/p/playmaker.html,302
https://www.patreon.com/fenixdown/overview,datadump/patreon/overviews/f/fenixdown.html,302
https://www.patreon.com/kaguesnacosplay/overview,datadump/patreon/overviews/k/kaguesnacosplay.html,404
https://www.patreon.com/nogats07/overview,datadump/patreon/overviews/n/nogats07.html,302
https://www.patreon.com/esoretal/overview,datadump/patreon/overviews/e/esoretal.html,302
https://www.patreon.com/CaptainBigButt/overview,datadump/patreon/overviews/c/CaptainBigButt.html,302
https://www.patreon.com/stockmusicmusician/overview,datadump/patreon/overviews/s/stockmusicmusician.html,302
https://www.patreon.com/kalclashfitness/overview,datadump/patreon/overviews/k/kalclashfitness.html,302
https://www.patreon.com/Lab99/overview,datadump/patreon/overviews/l/Lab99.html,302
https://www.patreon.com/dokusan/overview,datadump/patreon/overviews/d/dokusan.html,302
https://www.patreon.com/quadzer0/overview,datadump/patreon/overviews/q/quadzer0.html,302
https://www.patreon.com/Miketoney/overview,datadump/patreon/overviews/m/Miketoney.html,302
https://www.patreon.com/hibbygames/overview,datadump/patreon/overviews/h/hibbygames.html,302
https://www.patreon.com/l3arks/overview,datadump/patreon/overviews/l/l3arks.html,404
https://www.patreon.com/lapociÌ_nrojakoyuki/overview,datadump/patreon/overviews/l/lapociÌ_nrojakoyuki.html,404
https://www.patreon.com/Irwe/overview,datadump/patreon/overviews/i/Irwe.html,302
https://www.patreon.com/Dvorit/overview,datadump/patreon/overviews/d/Dvorit.html,404
https://www.patreon.com/Pinkle/overview,datadump/patreon/overviews/p/Pinkle.html,404
https://www.patreon.com/hisokanapianisuto/overview,datadump/patreon/overviews/h/hisokanapianisuto.html,404
https://www.patreon.com/galaxygoatss/overview,datadump/patreon/overviews/g/galaxygoatss.html,302
https://www.patreon.com/TheDrunkenYeti/overview,datadump/patreon/overviews/t/TheDrunkenYeti.html,302
https://www.patreon.com/ReeseyFbabe/overview,datadump/patreon/overviews/r/ReeseyFbabe.html,302
https://www.patreon.com/asheqt/overview,datadump/patreon/overviews/a/asheqt.html,302
https://www.patreon.com/rosaliehearts/overview,datadump/patreon/overviews/r/rosaliehearts.html,404
https://www.patreon.com/ClassyReviews/overview,datadump/patreon/overviews/c/ClassyReviews.html,302
https://www.patreon.com/barefootbenfader/overview,datadump/patreon/overviews/b/barefootbenfader.html,302
https://www.patreon.com/primrosepanglea/overview,datadump/patreon/overviews/p/primrosepanglea.html,302
https://www.patreon.com/OurWorld/overview,datadump/patreon/overviews/o/OurWorld.html,302
https://www.patreon.com/videostreetmusic/overview,datadump/patreon/overviews/v/videostreetmusic.html,302
https://www.patreon.com/Purgatorydreams/overview,datadump/patreon/overviews/p/Purgatorydreams.html,302
https://www.patreon.com/trothlisberger/overview,datadump/patreon/overviews/t/trothlisberger.html,302
https://www.patreon.com/thefamilydances/overview,datadump/patreon/overviews/t/thefamilydances.html,302
https://www.patreon.com/loveleighloops/overview,datadump/patreon/overviews/l/loveleighloops.html,302
https://www.patreon.com/MarySquid/overview,datadump/patreon/overviews/m/MarySquid.html,404
https://www.patreon.com/DungeyState/overview,datadump/patreon/overviews/d/DungeyState.html,404
https://www.patreon.com/azaxxii/overview,datadump/patreon/overviews/a/azaxxii.html,302
https://www.patreon.com/vitriolink/overview,datadump/patreon/overviews/v/vitriolink.html,302
https://www.patreon.com/kenmcfarlane/overview,datadump/patreon/overviews/k/kenmcfarlane.html,302
https://www.patreon.com/MindlessPursuits/overview,datadump/patreon/overviews/m/MindlessPursuits.html,302
https://www.patreon.com/felicechan/overview,datadump/patreon/overviews/f/felicechan.html,302
https://www.patreon.com/floravola/overview,datadump/patreon/overviews/f/floravola.html,302
https://www.patreon.com/newreleasetoday/overview,datadump/patreon/overviews/n/newreleasetoday.html,302
https://www.patreon.com/fiorenzas/overview,datadump/patreon/overviews/f/fiorenzas.html,302
https://www.patreon.com/valestitchery/overview,datadump/patreon/overviews/v/valestitchery.html,302
https://www.patreon.com/LoudMouthWrestling/overview,datadump/patreon/overviews/l/LoudMouthWrestling.html,302
https://www.patreon.com/yesyouneeddiapers/overview,datadump/patreon/overviews/y/yesyouneeddiapers.html,302
https://www.patreon.com/sforsythe/overview,datadump/patreon/overviews/s/sforsythe.html,404
https://www.patreon.com/JPCMHD/overview,datadump/patreon/overviews/j/JPCMHD.html,302
https://www.patreon.com/joobyproject/overview,datadump/patreon/overviews/j/joobyproject.html,404
https://www.patreon.com/iloveterracehouse/overview,datadump/patreon/overviews/i/iloveterracehouse.html,302
https://www.patreon.com/Tattooedbear/overview,datadump/patreon/overviews/t/Tattooedbear.html,302
https://www.patreon.com/CalebratedGamer/overview,datadump/patreon/overviews/c/CalebratedGamer.html,302
https://www.patreon.com/One89/overview,datadump/patreon/overviews/o/One89.html,302
https://www.patreon.com/InflatablePopping/overview,datadump/patreon/overviews/i/InflatablePopping.html,302
https://www.patreon.com/creepylucinda/overview,datadump/patreon/overviews/c/creepylucinda.html,302
https://www.patreon.com/akiblitz/overview,datadump/patreon/overviews/a/akiblitz.html,302
https://www.patreon.com/TobilTop/overview,datadump/patreon/overviews/t/TobilTop.html,302
https://www.patreon.com/ArkSource/overview,datadump/patreon/overviews/a/ArkSource.html,302
https://www.patreon.com/MsSarahHunter/overview,datadump/patreon/overviews/m/MsSarahHunter.html,302
https://www.patreon.com/oouichi_closed/overview,datadump/patreon/overviews/o/oouichi_closed.html,302
https://www.patreon.com/fuckcooking/overview,datadump/patreon/overviews/f/fuckcooking.html,302
https://www.patreon.com/ChiropteraHorrifica/overview,datadump/patreon/overviews/c/ChiropteraHorrifica.html,302
https://www.patreon.com/sizzuhs/overview,datadump/patreon/overviews/s/sizzuhs.html,404
https://www.patreon.com/MetalPandora/overview,datadump/patreon/overviews/m/MetalPandora.html,302
https://www.patreon.com/rosewitchery/overview,datadump/patreon/overviews/r/rosewitchery.html,302
https://www.patreon.com/gabbyfe/overview,datadump/patreon/overviews/g/gabbyfe.html,302
https://www.patreon.com/Artix/overview,datadump/patreon/overviews/a/Artix.html,404
https://www.patreon.com/theleadpanda/overview,datadump/patreon/overviews/t/theleadpanda.html,302
https://www.patreon.com/dallydaydream/overview,datadump/patreon/overviews/d/dallydaydream.html,302
https://www.patreon.com/claralis/overview,datadump/patreon/overviews/c/claralis.html,302
https://www.patreon.com/toxsimian/overview,datadump/patreon/overviews/t/toxsimian.html,404
https://www.patreon.com/vovchisko/overview,datadump/patreon/overviews/v/vovchisko.html,404
https://www.patreon.com/velnna/overview,datadump/patreon/overviews/v/velnna.html,302
https://www.patreon.com/gentlemenpickle/overview,datadump/patreon/overviews/g/gentlemenpickle.html,404
https://www.patreon.com/Kaleigh/overview,datadump/patreon/overviews/k/Kaleigh.html,302
https://www.patreon.com/DigitalApostate/overview,datadump/patreon/overviews/d/DigitalApostate.html,302
https://www.patreon.com/dorkpatroller/overview,datadump/patreon/overviews/d/dorkpatroller.html,404
https://www.patreon.com/magwags/overview,datadump/patreon/overviews/m/magwags.html,302
https://www.patreon.com/obieplaton/overview,datadump/patreon/overviews/o/obieplaton.html,404
https://www.patreon.com/imkmf/overview,datadump/patreon/overviews/i/imkmf.html,302
https://www.patreon.com/keharts/overview,datadump/patreon/overviews/k/keharts.html,302
https://www.patreon.com/SparkyandSons/overview,datadump/patreon/overviews/s/SparkyandSons.html,302
https://www.patreon.com/GrunfWorks/overview,datadump/patreon/overviews/g/GrunfWorks.html,302
https://www.patreon.com/anitheartist/overview,datadump/patreon/overviews/a/anitheartist.html,302
https://www.patreon.com/TealOpal/overview,datadump/patreon/overviews/t/TealOpal.html,302
https://www.patreon.com/christieinge/overview,datadump/patreon/overviews/c/christieinge.html,302
https://www.patreon.com/lichtkindervb/overview,datadump/patreon/overviews/l/lichtkindervb.html,404
https://www.patreon.com/themeparktraveler/overview,datadump/patreon/overviews/t/themeparktraveler.html,302
https://www.patreon.com/puzzleyourkids/overview,datadump/patreon/overviews/p/puzzleyourkids.html,302
https://www.patreon.com/scottiwrites/overview,datadump/patreon/overviews/s/scottiwrites.html,302
https://www.patreon.com/ColoradoBlues/overview,datadump/patreon/overviews/c/ColoradoBlues.html,302
https://www.patreon.com/natnay/overview,datadump/patreon/overviews/n/natnay.html,302
https://www.patreon.com/maitresseamelia/overview,datadump/patreon/overviews/m/maitresseamelia.html,404
https://www.patreon.com/sevenisalive/overview,datadump/patreon/overviews/s/sevenisalive.html,404
https://www.patreon.com/paddingcentral/overview,datadump/patreon/overviews/p/paddingcentral.html,302
https://www.patreon.com/ReverendT/overview,datadump/patreon/overviews/r/ReverendT.html,302
https://www.patreon.com/limostn/overview,datadump/patreon/overviews/l/limostn.html,302
https://www.patreon.com/tmayc/overview,datadump/patreon/overviews/t/tmayc.html,302
https://www.patreon.com/omgabby/overview,datadump/patreon/overviews/o/omgabby.html,302
https://www.patreon.com/VeGAINator/overview,datadump/patreon/overviews/v/VeGAINator.html,404
https://www.patreon.com/adrmaloud/overview,datadump/patreon/overviews/a/adrmaloud.html,302
https://www.patreon.com/foxolantern/overview,datadump/patreon/overviews/f/foxolantern.html,302
https://www.patreon.com/cynical7/overview,datadump/patreon/overviews/c/cynical7.html,404
https://www.patreon.com/rallyradion/overview,datadump/patreon/overviews/r/rallyradion.html,302
https://www.patreon.com/SlackDragon/overview,datadump/patreon/overviews/s/SlackDragon.html,302
https://www.patreon.com/antagonist/overview,datadump/patreon/overviews/a/antagonist.html,302
https://www.patreon.com/smilejournals/overview,datadump/patreon/overviews/s/smilejournals.html,302
https://www.patreon.com/valkyrietarot/overview,datadump/patreon/overviews/v/valkyrietarot.html,302
https://www.patreon.com/meraki/overview,datadump/patreon/overviews/m/meraki.html,302
https://www.patreon.com/LadyChanterelle/overview,datadump/patreon/overviews/l/LadyChanterelle.html,404
https://www.patreon.com/naturallynoracrochet/overview,datadump/patreon/overviews/n/naturallynoracrochet.html,404
https://www.patreon.com/Linda_Gail/overview,datadump/patreon/overviews/l/Linda_Gail.html,404
https://www.patreon.com/tangerinetulip/overview,datadump/patreon/overviews/t/tangerinetulip.html,302
https://www.patreon.com/Hooseki/overview,datadump/patreon/overviews/h/Hooseki.html,302
https://www.patreon.com/mikescraftbeer/overview,datadump/patreon/overviews/m/mikescraftbeer.html,302
https://www.patreon.com/page10art/overview,datadump/patreon/overviews/p/page10art.html,302
https://www.patreon.com/kryscolour/overview,datadump/patreon/overviews/k/kryscolour.html,302
https://www.patreon.com/jeff4justice/overview,datadump/patreon/overviews/j/jeff4justice.html,404
https://www.patreon.com/tooweiird/overview,datadump/patreon/overviews/t/tooweiird.html,404
https://www.patreon.com/inmomorium/overview,datadump/patreon/overviews/i/inmomorium.html,302
https://www.patreon.com/inmomorium/overview,datadump/patreon/overviews/i/inmomorium.html,302
https://www.patreon.com/MartinPeterson/overview,datadump/patreon/overviews/m/MartinPeterson.html,302
https://www.patreon.com/Aurelius_GabriellePerron/overview,datadump/patreon/overviews/a/Aurelius_GabriellePerron.html,404
https://www.patreon.com/bradleyshear/overview,datadump/patreon/overviews/b/bradleyshear.html,302
https://www.patreon.com/Theritualcoach/overview,datadump/patreon/overviews/t/Theritualcoach.html,302
https://www.patreon.com/riikochan_artworks/overview,datadump/patreon/overviews/r/riikochan_artworks.html,302
https://www.patreon.com/breannadolly/overview,datadump/patreon/overviews/b/breannadolly.html,302
https://www.patreon.com/Profligacy/overview,datadump/patreon/overviews/p/Profligacy.html,302
https://www.patreon.com/DerivativeMVs/overview,datadump/patreon/overviews/d/DerivativeMVs.html,302
https://www.patreon.com/kaylaandsilas/overview,datadump/patreon/overviews/k/kaylaandsilas.html,302
https://www.patreon.com/TheWindDown/overview,datadump/patreon/overviews/t/TheWindDown.html,302
https://www.patreon.com/theconcanadian/overview,datadump/patreon/overviews/t/theconcanadian.html,302
https://www.patreon.com/sockcop/overview,datadump/patreon/overviews/s/sockcop.html,302
https://www.patreon.com/SammyScuffles/overview,datadump/patreon/overviews/s/SammyScuffles.html,302
https://www.patreon.com/DexsDinerPodcast/overview,datadump/patreon/overviews/d/DexsDinerPodcast.html,302
https://www.patreon.com/ClickedTazer/overview,datadump/patreon/overviews/c/ClickedTazer.html,302
https://www.patreon.com/Redunitink/overview,datadump/patreon/overviews/r/Redunitink.html,302
https://www.patreon.com/AegisSFM/overview,datadump/patreon/overviews/a/AegisSFM.html,302
https://www.patreon.com/wzutf8z7w6hb4hx782364872/overview,datadump/patreon/overviews/w/wzutf8z7w6hb4hx782364872.html,302
https://www.patreon.com/fuglestix/overview,datadump/patreon/overviews/f/fuglestix.html,302
https://www.patreon.com/243outdoors/overview,datadump/patreon/overviews/2/243outdoors.html,404
https://www.patreon.com/sirksome/overview,datadump/patreon/overviews/s/sirksome.html,302
https://www.patreon.com/nikitatim/overview,datadump/patreon/overviews/n/nikitatim.html,302
https://www.patreon.com/rockybab/overview,datadump/patreon/overviews/r/rockybab.html,404
https://www.patreon.com/tomatocoup/overview,datadump/patreon/overviews/t/tomatocoup.html,302
https://www.patreon.com/danielEC/overview,datadump/patreon/overviews/d/danielEC.html,302
https://www.patreon.com/DDYoung/overview,datadump/patreon/overviews/d/DDYoung.html,404
https://www.patreon.com/DinkleGoon/overview,datadump/patreon/overviews/d/DinkleGoon.html,302
https://www.patreon.com/captaingrim/overview,datadump/patreon/overviews/c/captaingrim.html,302
https://www.patreon.com/CharlieWoodArt/overview,datadump/patreon/overviews/c/CharlieWoodArt.html,302
https://www.patreon.com/Vayguard/overview,datadump/patreon/overviews/v/Vayguard.html,302
https://www.patreon.com/JustSocial/overview,datadump/patreon/overviews/j/JustSocial.html,302
https://www.patreon.com/Sylvirr/overview,datadump/patreon/overviews/s/Sylvirr.html,404
https://www.patreon.com/d00mf1sh/overview,datadump/patreon/overviews/d/d00mf1sh.html,302
https://www.patreon.com/cammie_cooper/overview,datadump/patreon/overviews/c/cammie_cooper.html,302
https://www.patreon.com/thewannabee/overview,datadump/patreon/overviews/t/thewannabee.html,302
https://www.patreon.com/speakingfreely/overview,datadump/patreon/overviews/s/speakingfreely.html,404
https://www.patreon.com/Keprion/overview,datadump/patreon/overviews/k/Keprion.html,302
https://www.patreon.com/lauramakabresku/overview,datadump/patreon/overviews/l/lauramakabresku.html,302
https://www.patreon.com/POGODARIV/overview,datadump/patreon/overviews/p/POGODARIV.html,302
https://www.patreon.com/AdmissionsIntel/overview,datadump/patreon/overviews/a/AdmissionsIntel.html,302
https://www.patreon.com/kyashicosplay/overview,datadump/patreon/overviews/k/kyashicosplay.html,302
https://www.patreon.com/bakap/overview,datadump/patreon/overviews/b/bakap.html,302
https://www.patreon.com/amandadispirito/overview,datadump/patreon/overviews/a/amandadispirito.html,302
https://www.patreon.com/olileft/overview,datadump/patreon/overviews/o/olileft.html,404
https://www.patreon.com/ruinsgate/overview,datadump/patreon/overviews/r/ruinsgate.html,302
https://www.patreon.com/thenextcourse/overview,datadump/patreon/overviews/t/thenextcourse.html,302
https://www.patreon.com/TragicFangirl/overview,datadump/patreon/overviews/t/TragicFangirl.html,302
https://www.patreon.com/Daikii/overview,datadump/patreon/overviews/d/Daikii.html,302
https://www.patreon.com/ArcAngelsGaming/overview,datadump/patreon/overviews/a/ArcAngelsGaming.html,404
https://www.patreon.com/dezarticulat/overview,datadump/patreon/overviews/d/dezarticulat.html,302
https://www.patreon.com/jennagreenwell/overview,datadump/patreon/overviews/j/jennagreenwell.html,302
https://www.patreon.com/paulkwo/overview,datadump/patreon/overviews/p/paulkwo.html,302
https://www.patreon.com/sofom/overview,datadump/patreon/overviews/s/sofom.html,404
https://www.patreon.com/bananatwinky/overview,datadump/patreon/overviews/b/bananatwinky.html,302
https://www.patreon.com/snakegirlsarah/overview,datadump/patreon/overviews/s/snakegirlsarah.html,302
https://www.patreon.com/kitchensink/overview,datadump/patreon/overviews/k/kitchensink.html,302
https://www.patreon.com/konkitty/overview,datadump/patreon/overviews/k/konkitty.html,302
https://www.patreon.com/MediaKitten/overview,datadump/patreon/overviews/m/MediaKitten.html,404
https://www.patreon.com/Purity-Of-Heart/overview,datadump/patreon/overviews/p/Purity-Of-Heart.html,404
https://www.patreon.com/mega_sass/overview,datadump/patreon/overviews/m/mega_sass.html,302
https://www.patreon.com/zielomizu/overview,datadump/patreon/overviews/z/zielomizu.html,302
https://www.patreon.com/paulartwork/overview,datadump/patreon/overviews/p/paulartwork.html,404
https://www.patreon.com/JimCarey/overview,datadump/patreon/overviews/j/JimCarey.html,302
https://www.patreon.com/riesheridanrose/overview,datadump/patreon/overviews/r/riesheridanrose.html,302
https://www.patreon.com/thewendylady/overview,datadump/patreon/overviews/t/thewendylady.html,302
https://www.patreon.com/ReneeWar33/overview,datadump/patreon/overviews/r/ReneeWar33.html,404
https://www.patreon.com/cynpetvlogs/overview,datadump/patreon/overviews/c/cynpetvlogs.html,404
https://www.patreon.com/MedskerGalaxy/overview,datadump/patreon/overviews/m/MedskerGalaxy.html,302
https://www.patreon.com/autumnkeys/overview,datadump/patreon/overviews/a/autumnkeys.html,302
https://www.patreon.com/chrismeacham/overview,datadump/patreon/overviews/c/chrismeacham.html,404
https://www.patreon.com/Soulsmun/overview,datadump/patreon/overviews/s/Soulsmun.html,404
https://www.patreon.com/samanthawellsguitar/overview,datadump/patreon/overviews/s/samanthawellsguitar.html,302
https://www.patreon.com/BizmasterStudios/overview,datadump/patreon/overviews/b/BizmasterStudios.html,302
https://www.patreon.com/RISE_Macintyre/overview,datadump/patreon/overviews/r/RISE_Macintyre.html,404
https://www.patreon.com/pettan/overview,datadump/patreon/overviews/p/pettan.html,404
https://www.patreon.com/thestolken/overview,datadump/patreon/overviews/t/thestolken.html,302
https://www.patreon.com/chemicalcrux/overview,datadump/patreon/overviews/c/chemicalcrux.html,302
https://www.patreon.com/Nerdhour/overview,datadump/patreon/overviews/n/Nerdhour.html,404
https://www.patreon.com/decathorpe/overview,datadump/patreon/overviews/d/decathorpe.html,302
https://www.patreon.com/abritoart/overview,datadump/patreon/overviews/a/abritoart.html,302
https://www.patreon.com/liljaism/overview,datadump/patreon/overviews/l/liljaism.html,302
https://www.patreon.com/ino/overview,datadump/patreon/overviews/i/ino.html,302
https://www.patreon.com/SomeSmallMagic/overview,datadump/patreon/overviews/s/SomeSmallMagic.html,302
https://www.patreon.com/AkayamaDanJay/overview,datadump/patreon/overviews/a/AkayamaDanJay.html,302
https://www.patreon.com/hotbutterybiscuits/overview,datadump/patreon/overviews/h/hotbutterybiscuits.html,302
https://www.patreon.com/marsashton/overview,datadump/patreon/overviews/m/marsashton.html,302
https://www.patreon.com/alternativeright/overview,datadump/patreon/overviews/a/alternativeright.html,404
https://www.patreon.com/shellymoonbeam/overview,datadump/patreon/overviews/s/shellymoonbeam.html,302
https://www.patreon.com/supercreeptv/overview,datadump/patreon/overviews/s/supercreeptv.html,302
https://www.patreon.com/scytheri0n/overview,datadump/patreon/overviews/s/scytheri0n.html,302
https://www.patreon.com/LukeDeLoop/overview,datadump/patreon/overviews/l/LukeDeLoop.html,302
https://www.patreon.com/triciaandersen/overview,datadump/patreon/overviews/t/triciaandersen.html,404
https://www.patreon.com/rigbone_guy/overview,datadump/patreon/overviews/r/rigbone_guy.html,302
https://www.patreon.com/letsgocast/overview,datadump/patreon/overviews/l/letsgocast.html,404
https://www.patreon.com/RPGPodcast/overview,datadump/patreon/overviews/r/RPGPodcast.html,302
https://www.patreon.com/rhysawolfecreations/overview,datadump/patreon/overviews/r/rhysawolfecreations.html,404
https://www.patreon.com/upperpeninsuladiy/overview,datadump/patreon/overviews/u/upperpeninsuladiy.html,302
https://www.patreon.com/secret_tunnel/overview,datadump/patreon/overviews/s/secret_tunnel.html,302
https://www.patreon.com/Azure2290/overview,datadump/patreon/overviews/a/Azure2290.html,302
https://www.patreon.com/counterserum/overview,datadump/patreon/overviews/c/counterserum.html,302
https://www.patreon.com/GildedSilverfox/overview,datadump/patreon/overviews/g/GildedSilverfox.html,302
https://www.patreon.com/goatbree/overview,datadump/patreon/overviews/g/goatbree.html,302
https://www.patreon.com/livelikeyounow/overview,datadump/patreon/overviews/l/livelikeyounow.html,302
https://www.patreon.com/pxsitive/overview,datadump/patreon/overviews/p/pxsitive.html,302
https://www.patreon.com/tomoyo/overview,datadump/patreon/overviews/t/tomoyo.html,404
https://www.patreon.com/MrSpriken/overview,datadump/patreon/overviews/m/MrSpriken.html,302
https://www.patreon.com/billyleigh/overview,datadump/patreon/overviews/b/billyleigh.html,302
https://www.patreon.com/themightyjerd/overview,datadump/patreon/overviews/t/themightyjerd.html,302
https://www.patreon.com/susanfox/overview,datadump/patreon/overviews/s/susanfox.html,302
https://www.patreon.com/MunchkinTime/overview,datadump/patreon/overviews/m/MunchkinTime.html,404
https://www.patreon.com/BrodieSmith/overview,datadump/patreon/overviews/b/BrodieSmith.html,404
https://www.patreon.com/bibitterandcoveredinglitter/overview,datadump/patreon/overviews/b/bibitterandcoveredinglitter.html,404
https://www.patreon.com/NerdyCurve/overview,datadump/patreon/overviews/n/NerdyCurve.html,302
https://www.patreon.com/Futagf/overview,datadump/patreon/overviews/f/Futagf.html,302
https://www.patreon.com/ExpressoBoys/overview,datadump/patreon/overviews/e/ExpressoBoys.html,404
https://www.patreon.com/lonelyartistcast/overview,datadump/patreon/overviews/l/lonelyartistcast.html,302
https://www.patreon.com/bgn/overview,datadump/patreon/overviews/b/bgn.html,404
https://www.patreon.com/NotDeffend/overview,datadump/patreon/overviews/n/NotDeffend.html,302
https://www.patreon.com/AlisonOErotica/overview,datadump/patreon/overviews/a/AlisonOErotica.html,302
https://www.patreon.com/RockStarAriel/overview,datadump/patreon/overviews/r/RockStarAriel.html,302
https://www.patreon.com/uncagedtarot/overview,datadump/patreon/overviews/u/uncagedtarot.html,302
https://www.patreon.com/buttercupqu33n/overview,datadump/patreon/overviews/b/buttercupqu33n.html,302
https://www.patreon.com/twicetastic/overview,datadump/patreon/overviews/t/twicetastic.html,302
https://www.patreon.com/surfeit/overview,datadump/patreon/overviews/s/surfeit.html,302
https://www.patreon.com/masterarrowgaming/overview,datadump/patreon/overviews/m/masterarrowgaming.html,302
https://www.patreon.com/mikameeks/overview,datadump/patreon/overviews/m/mikameeks.html,404
https://www.patreon.com/nordensgrÌ_nse/overview,datadump/patreon/overviews/n/nordensgrÌ_nse.html,404
https://www.patreon.com/sailingkairos/overview,datadump/patreon/overviews/s/sailingkairos.html,302
https://www.patreon.com/anenglishmaninthebalkans/overview,datadump/patreon/overviews/a/anenglishmaninthebalkans.html,302
https://www.patreon.com/harryamoros/overview,datadump/patreon/overviews/h/harryamoros.html,302
https://www.patreon.com/deathmountaineers/overview,datadump/patreon/overviews/d/deathmountaineers.html,404
https://www.patreon.com/ClashAttackswithJo/overview,datadump/patreon/overviews/c/ClashAttackswithJo.html,404
https://www.patreon.com/TeaspoonComics/overview,datadump/patreon/overviews/t/TeaspoonComics.html,302
https://www.patreon.com/kealacarr/overview,datadump/patreon/overviews/k/kealacarr.html,302
https://www.patreon.com/techspecs_2018/overview,datadump/patreon/overviews/t/techspecs_2018.html,302
https://www.patreon.com/embraceyourwoowoo/overview,datadump/patreon/overviews/e/embraceyourwoowoo.html,404
https://www.patreon.com/AuroraMist/overview,datadump/patreon/overviews/a/AuroraMist.html,404
https://www.patreon.com/AuroraMist/overview,datadump/patreon/overviews/a/AuroraMist.html,404
https://www.patreon.com/johakr/overview,datadump/patreon/overviews/j/johakr.html,302
https://www.patreon.com/RedPollyPocket/overview,datadump/patreon/overviews/r/RedPollyPocket.html,404
https://www.patreon.com/ReddoNagaiyo/overview,datadump/patreon/overviews/r/ReddoNagaiyo.html,302
https://www.patreon.com/pcgamersquid/overview,datadump/patreon/overviews/p/pcgamersquid.html,404
https://www.patreon.com/JamesBabcock/overview,datadump/patreon/overviews/j/JamesBabcock.html,302
https://www.patreon.com/JosephEBrockway/overview,datadump/patreon/overviews/j/JosephEBrockway.html,302
https://www.patreon.com/Drawingwithmilly/overview,datadump/patreon/overviews/d/Drawingwithmilly.html,404
https://www.patreon.com/bhimera/overview,datadump/patreon/overviews/b/bhimera.html,302
https://www.patreon.com/RhetoricalEntertainment/overview,datadump/patreon/overviews/r/RhetoricalEntertainment.html,302
https://www.patreon.com/MotionMiracles/overview,datadump/patreon/overviews/m/MotionMiracles.html,302
https://www.patreon.com/monsterhunt/overview,datadump/patreon/overviews/m/monsterhunt.html,302
https://www.patreon.com/EvaAlisic/overview,datadump/patreon/overviews/e/EvaAlisic.html,302
https://www.patreon.com/beanbat/overview,datadump/patreon/overviews/b/beanbat.html,302
https://www.patreon.com/legendarygaming/overview,datadump/patreon/overviews/l/legendarygaming.html,404
https://www.patreon.com/avatarkasia/overview,datadump/patreon/overviews/a/avatarkasia.html,302
https://www.patreon.com/EvanEckstein/overview,datadump/patreon/overviews/e/EvanEckstein.html,302
https://www.patreon.com/hellredsky/overview,datadump/patreon/overviews/h/hellredsky.html,302
https://www.patreon.com/davemenuey/overview,datadump/patreon/overviews/d/davemenuey.html,302
https://www.patreon.com/universo_errantia/overview,datadump/patreon/overviews/u/universo_errantia.html,404
https://www.patreon.com/screwdrivertree/overview,datadump/patreon/overviews/s/screwdrivertree.html,404
https://www.patreon.com/zalden/overview,datadump/patreon/overviews/z/zalden.html,302
https://www.patreon.com/Wkirlogs/overview,datadump/patreon/overviews/w/Wkirlogs.html,302
https://www.patreon.com/teri_ka/overview,datadump/patreon/overviews/t/teri_ka.html,404
https://www.patreon.com/orangerainstudios/overview,datadump/patreon/overviews/o/orangerainstudios.html,404
https://www.patreon.com/gott/overview,datadump/patreon/overviews/g/gott.html,302
https://www.patreon.com/nickangula/overview,datadump/patreon/overviews/n/nickangula.html,302
https://www.patreon.com/lecollectionneur/overview,datadump/patreon/overviews/l/lecollectionneur.html,404
https://www.patreon.com/autovolt/overview,datadump/patreon/overviews/a/autovolt.html,302
https://www.patreon.com/clairebarton/overview,datadump/patreon/overviews/c/clairebarton.html,404
https://www.patreon.com/dragonhoardbooks/overview,datadump/patreon/overviews/d/dragonhoardbooks.html,302
https://www.patreon.com/TakeruGame/overview,datadump/patreon/overviews/t/TakeruGame.html,302
https://www.patreon.com/wilfongart/overview,datadump/patreon/overviews/w/wilfongart.html,302
https://www.patreon.com/JayneStrange/overview,datadump/patreon/overviews/j/JayneStrange.html,302
https://www.patreon.com/SailingFreya/overview,datadump/patreon/overviews/s/SailingFreya.html,404
https://www.patreon.com/leviathanshorntheseries/overview,datadump/patreon/overviews/l/leviathanshorntheseries.html,404
https://www.patreon.com/CharlesLee/overview,datadump/patreon/overviews/c/CharlesLee.html,302
https://www.patreon.com/everycaptain/overview,datadump/patreon/overviews/e/everycaptain.html,302
https://www.patreon.com/mantramonday/overview,datadump/patreon/overviews/m/mantramonday.html,302
https://www.patreon.com/kavi/overview,datadump/patreon/overviews/k/kavi.html,302
https://www.patreon.com/hofcgaming/overview,datadump/patreon/overviews/h/hofcgaming.html,404
https://www.patreon.com/wonkyhanky/overview,datadump/patreon/overviews/w/wonkyhanky.html,404
https://www.patreon.com/Fumbles/overview,datadump/patreon/overviews/f/Fumbles.html,404
https://www.patreon.com/respirdal/overview,datadump/patreon/overviews/r/respirdal.html,404
https://www.patreon.com/TheChrisPavon/overview,datadump/patreon/overviews/t/TheChrisPavon.html,302
https://www.patreon.com/stellarknight/overview,datadump/patreon/overviews/s/stellarknight.html,302
https://www.patreon.com/issacatgames/overview,datadump/patreon/overviews/i/issacatgames.html,404
https://www.patreon.com/goldstein/overview,datadump/patreon/overviews/g/goldstein.html,302
https://www.patreon.com/ArrikOK/overview,datadump/patreon/overviews/a/ArrikOK.html,302
https://www.patreon.com/fenrael/overview,datadump/patreon/overviews/f/fenrael.html,302
https://www.patreon.com/3DPORNGENERATOR/overview,datadump/patreon/overviews/3/3DPORNGENERATOR.html,302
https://www.patreon.com/juliesinfiniteplaylist/overview,datadump/patreon/overviews/j/juliesinfiniteplaylist.html,302
https://www.patreon.com/laserraccoon/overview,datadump/patreon/overviews/l/laserraccoon.html,302
https://www.patreon.com/thenowherewarrior/overview,datadump/patreon/overviews/t/thenowherewarrior.html,302
https://www.patreon.com/aurynn/overview,datadump/patreon/overviews/a/aurynn.html,302
https://www.patreon.com/skyofbolt/overview,datadump/patreon/overviews/s/skyofbolt.html,302
https://www.patreon.com/misfitcornercomics/overview,datadump/patreon/overviews/m/misfitcornercomics.html,302
https://www.patreon.com/ellerosevlogs/overview,datadump/patreon/overviews/e/ellerosevlogs.html,404
https://www.patreon.com/hawkjohenson/overview,datadump/patreon/overviews/h/hawkjohenson.html,302
https://www.patreon.com/PurpleZebra/overview,datadump/patreon/overviews/p/PurpleZebra.html,404
https://www.patreon.com/emilyannsart/overview,datadump/patreon/overviews/e/emilyannsart.html,302
https://www.patreon.com/legiochristi/overview,datadump/patreon/overviews/l/legiochristi.html,301
https://www.patreon.com/SilviaGÌ_mez/overview,datadump/patreon/overviews/s/SilviaGÌ_mez.html,404
https://www.patreon.com/foovay/overview,datadump/patreon/overviews/f/foovay.html,302
https://www.patreon.com/ApocalypseGamers/overview,datadump/patreon/overviews/a/ApocalypseGamers.html,404
https://www.patreon.com/theprojectgaming/overview,datadump/patreon/overviews/t/theprojectgaming.html,302
https://www.patreon.com/atbmods/overview,datadump/patreon/overviews/a/atbmods.html,404
https://www.patreon.com/zen_was_taken/overview,datadump/patreon/overviews/z/zen_was_taken.html,302
https://www.patreon.com/paafm/overview,datadump/patreon/overviews/p/paafm.html,302
https://www.patreon.com/MakeItClever/overview,datadump/patreon/overviews/m/MakeItClever.html,404
https://www.patreon.com/_á_¡__Ð___¼Ð_______¡__Ð__/overview,datadump/patreon/overviews/_/_á_¡__Ð___¼Ð_______¡__Ð__.html,404
https://www.patreon.com/madboy74/overview,datadump/patreon/overviews/m/madboy74.html,404
https://www.patreon.com/starosarecords/overview,datadump/patreon/overviews/s/starosarecords.html,404
https://www.patreon.com/HentaiNarutoHentai/overview,datadump/patreon/overviews/h/HentaiNarutoHentai.html,404
https://www.patreon.com/cassifrasure/overview,datadump/patreon/overviews/c/cassifrasure.html,302
https://www.patreon.com/prismativity/overview,datadump/patreon/overviews/p/prismativity.html,302
https://www.patreon.com/KyanitePrincess/overview,datadump/patreon/overviews/k/KyanitePrincess.html,302
https://www.patreon.com/tinafigartist/overview,datadump/patreon/overviews/t/tinafigartist.html,302
https://www.patreon.com/greenpengua/overview,datadump/patreon/overviews/g/greenpengua.html,302
https://www.patreon.com/storyandmuse/overview,datadump/patreon/overviews/s/storyandmuse.html,302
https://www.patreon.com/danielcaaron/overview,datadump/patreon/overviews/d/danielcaaron.html,302
https://www.patreon.com/BISYSLC/overview,datadump/patreon/overviews/b/BISYSLC.html,404
https://www.patreon.com/glassandgears/overview,datadump/patreon/overviews/g/glassandgears.html,404
https://www.patreon.com/Estrellasteam/overview,datadump/patreon/overviews/e/Estrellasteam.html,404
https://www.patreon.com/marnedenny/overview,datadump/patreon/overviews/m/marnedenny.html,302
https://www.patreon.com/zumbabrent/overview,datadump/patreon/overviews/z/zumbabrent.html,404
https://www.patreon.com/theguestquest/overview,datadump/patreon/overviews/t/theguestquest.html,302
https://www.patreon.com/Hellbelly/overview,datadump/patreon/overviews/h/Hellbelly.html,404
https://www.patreon.com/rain_queen/overview,datadump/patreon/overviews/r/rain_queen.html,302
https://www.patreon.com/fmsnews/overview,datadump/patreon/overviews/f/fmsnews.html,302
https://www.patreon.com/silkytea/overview,datadump/patreon/overviews/s/silkytea.html,302
https://www.patreon.com/blukrown/overview,datadump/patreon/overviews/b/blukrown.html,302
https://www.patreon.com/Fushiguro/overview,datadump/patreon/overviews/f/Fushiguro.html,404
https://www.patreon.com/Death Brony/overview,datadump/patreon/overviews/d/Death Brony.html,404
https://www.patreon.com/paulgd/overview,datadump/patreon/overviews/p/paulgd.html,404
https://www.patreon.com/SMeadowsauthor/overview,datadump/patreon/overviews/s/SMeadowsauthor.html,302
https://www.patreon.com/steviesquad/overview,datadump/patreon/overviews/s/steviesquad.html,302
https://www.patreon.com/SanduFabur/overview,datadump/patreon/overviews/s/SanduFabur.html,302
https://www.patreon.com/drfeeder/overview,datadump/patreon/overviews/d/drfeeder.html,302
https://www.patreon.com/TriFateSaga/overview,datadump/patreon/overviews/t/TriFateSaga.html,302
https://www.patreon.com/sarahtypes/overview,datadump/patreon/overviews/s/sarahtypes.html,404
https://www.patreon.com/PixelSenpai/overview,datadump/patreon/overviews/p/PixelSenpai.html,302
https://www.patreon.com/paperinkart/overview,datadump/patreon/overviews/p/paperinkart.html,302
https://www.patreon.com/ShaÌ¢rghot/overview,datadump/patreon/overviews/s/ShaÌ¢rghot.html,404
https://www.patreon.com/Tanuki_Tinka_Asai/overview,datadump/patreon/overviews/t/Tanuki_Tinka_Asai.html,404
https://www.patreon.com/masterspectre/overview,datadump/patreon/overviews/m/masterspectre.html,302
https://www.patreon.com/CommanderSpork/overview,datadump/patreon/overviews/c/CommanderSpork.html,302
https://www.patreon.com/apreekot/overview,datadump/patreon/overviews/a/apreekot.html,404
https://www.patreon.com/JDBrink/overview,datadump/patreon/overviews/j/JDBrink.html,302
https://www.patreon.com/AlexMcMeme/overview,datadump/patreon/overviews/a/AlexMcMeme.html,302
https://www.patreon.com/pollypurrrfect/overview,datadump/patreon/overviews/p/pollypurrrfect.html,404
https://www.patreon.com/Oringes/overview,datadump/patreon/overviews/o/Oringes.html,302
https://www.patreon.com/Karakleos/overview,datadump/patreon/overviews/k/Karakleos.html,404
https://www.patreon.com/gizrik/overview,datadump/patreon/overviews/g/gizrik.html,302
https://www.patreon.com/GlÌ_ckspilz/overview,datadump/patreon/overviews/g/GlÌ_ckspilz.html,404
https://www.patreon.com/miniDIY/overview,datadump/patreon/overviews/m/miniDIY.html,302
https://www.patreon.com/simsationalboutique/overview,datadump/patreon/overviews/s/simsationalboutique.html,404
https://www.patreon.com/FandroidPatreons/overview,datadump/patreon/overviews/f/FandroidPatreons.html,404
https://www.patreon.com/AbundanceFoundation/overview,datadump/patreon/overviews/a/AbundanceFoundation.html,404
https://www.patreon.com/mydarling/overview,datadump/patreon/overviews/m/mydarling.html,302
https://www.patreon.com/olib/overview,datadump/patreon/overviews/o/olib.html,404
https://www.patreon.com/artsyasmr/overview,datadump/patreon/overviews/a/artsyasmr.html,301
https://www.patreon.com/skydevelopedllc/overview,datadump/patreon/overviews/s/skydevelopedllc.html,302
https://www.patreon.com/charcoaldove/overview,datadump/patreon/overviews/c/charcoaldove.html,404
https://www.patreon.com/gryphonic/overview,datadump/patreon/overviews/g/gryphonic.html,302
https://www.patreon.com/njc/overview,datadump/patreon/overviews/n/njc.html,302
https://www.patreon.com/defintlynotreal/overview,datadump/patreon/overviews/d/defintlynotreal.html,302
https://www.patreon.com/shariffabdullah/overview,datadump/patreon/overviews/s/shariffabdullah.html,302
https://www.patreon.com/chosaguro/overview,datadump/patreon/overviews/c/chosaguro.html,302
https://www.patreon.com/Juliaallthetime/overview,datadump/patreon/overviews/j/Juliaallthetime.html,404
https://www.patreon.com/magicalunicorn/overview,datadump/patreon/overviews/m/magicalunicorn.html,404
